ID;solutionID;requestingEmployee;respondingHRPersonnel;ticket_ID
b4003690-8846-42f0-805b-ab652eea4bd8;b4003690-8846-42f0-805b-ab652eea4bd8;John Doe;Sarah Thompson;9a026342-0bef-4ad6-a333-62591a235275
8bbb0b20-a595-4792-8cfc-dd4c172d92fe;8bbb0b20-a595-4792-8cfc-dd4c172d92fe;Jane Smith;Robert Brown;7ebfb1d1-305d-4bb6-964d-7049e9b31fac
24ad70ee-be9b-4761-83cb-9d3e2fdb147d;24ad70ee-be9b-4761-83cb-9d3e2fdb147d;Michael Johnson;Karen Wilson;fb24370f-ba35-43bd-85eb-60cfc0b78f92
61eede22-9b15-4b97-8f11-99993f35a1de;61eede22-9b15-4b97-8f11-99993f35a1de;Emily Davis;Daniel Miller;9a023436-7bf9-40b4-be6b-2023e4710cd5
83ec503d-7e48-4b35-8ac0-b8a351624f53;83ec503d-7e48-4b35-8ac0-b8a351624f53;David Wilson;Jessica Davis;aec913fb-9229-4538-b045-2eb0962bf145