ID;myQueueID;title;createdBy;createdOn;timeTaken;ticket_ID
ccb7ea22-c44a-4ff7-bbbc-92a2e362adb1;ccb7ea22-c44a-4ff7-bbbc-92a2e362adb1;My Queue 1;Sarah Thompson;2021-06-27T00:00:00Z;120;96213b3b-60c1-4d76-aab6-047027fdcb6f
96213b3b-60c1-4d76-aab6-047027fdcb6f;96213b3b-60c1-4d76-aab6-047027fdcb6f;My Queue 2;Robert Brown;2021-06-27T00:00:00Z;90;d5f85a1b-a5ab-4f9f-9fd4-d8fa0872a272
d5f85a1b-a5ab-4f9f-9fd4-d8fa0872a272;d5f85a1b-a5ab-4f9f-9fd4-d8fa0872a272;My Queue 3;Karen Wilson;2021-06-27T00:00:00Z;150;0a8fe9fc-4612-463e-94f1-f19728dc5c49
0a8fe9fc-4612-463e-94f1-f19728dc5c49;0a8fe9fc-4612-463e-94f1-f19728dc5c49;My Queue 4;Daniel Miller;2021-06-27T00:00:00Z;80;08b9d39a-9074-42b0-8909-adea52ca9147
08b9d39a-9074-42b0-8909-adea52ca9147;08b9d39a-9074-42b0-8909-adea52ca9147;My Queue 5;Jessica Davis;2021-06-27T00:00:00Z;60;b4003690-8846-42f0-805b-ab652eea4bd8